timer_id,user_id,joined_at,role
7,37,2025-05-16 11:29:24.413610,host
6,48,2025-01-03 00:12:45.171094,host
53,33,2025-05-17 07:29:11.235796,member
96,32,2025-09-14 10:28:09.311637,host
40,90,2025-07-22 23:30:09.294168,host
100,34,2025-07-31 07:33:43.947129,member
53,27,2025-09-24 09:10:59.771773,member
64,38,2025-01-27 02:59:43.834690,host
60,30,2025-06-16 02:47:49.189085,host
34,75,2025-08-02 04:59:15.867003,member
15,85,2025-06-27 18:33:29.730305,member
74,84,2025-05-01 09:03:56.449999,member
4,85,2025-06-05 22:32:35.865771,member
65,21,2025-09-03 21:30:50.583579,member
55,79,2025-05-01 17:27:02.923417,member
69,82,2025-08-20 19:18:40.544809,host
25,52,2025-06-18 06:25:11.814631,host
40,72,2025-03-17 18:39:13.924997,member
95,38,2025-02-18 13:39:13.650435,member
2,34,2025-03-15 20:11:26.617746,host
10,62,2025-03-31 05:55:51.564270,member
17,78,2025-09-23 15:43:19.429788,member
59,81,2025-02-15 04:42:39.480630,host
32,100,2025-02-18 00:09:24.137849,member
2,30,2025-05-20 17:04:15.937659,member
27,44,2025-11-12 16:49:36.360047,member
80,81,2025-08-07 14:46:17.426798,member
69,72,2025-07-24 00:14:03.866208,host
73,29,2025-03-19 09:15:00.232096,host
60,17,2025-06-28 08:21:03.925235,host
74,18,2025-03-26 15:08:59.335631,host
33,37,2025-10-26 06:17:33.082395,host
50,69,2025-01-15 15:55:51.447694,member
42,83,2025-08-22 14:04:10.038178,member
56,24,2025-07-03 10:18:09.934230,member
73,89,2025-07-10 00:35:02.053035,host
24,18,2025-01-04 06:36:11.710491,member
20,62,2025-06-09 03:26:07.648771,member
75,98,2025-05-10 21:58:02.130313,member
88,32,2025-10-14 20:41:58.740524,host
61,48,2025-05-17 12:20:31.323636,member
37,43,2025-03-07 08:06:36.848648,member
28,55,2025-04-01 04:29:17.019739,host
98,99,2025-10-05 18:52:11.190383,host
48,75,2025-01-19 06:17:17.008623,host
1,33,2025-03-24 14:45:52.600288,host
91,56,2025-08-31 05:27:26.489196,host
39,77,2025-02-14 08:42:56.159278,host
28,83,2025-09-13 06:48:12.242444,host
98,38,2025-09-07 16:14:33.132212,host
100,89,2025-03-12 17:16:10.467593,member
71,49,2025-11-02 16:39:40.482434,host
32,38,2025-02-10 00:31:31.752090,member
95,26,2025-03-07 09:53:26.404110,member
30,74,2025-08-02 04:47:40.165578,member
100,82,2025-07-12 22:39:48.128927,host
66,93,2025-03-07 03:24:51.164949,host
38,90,2025-08-01 13:50:45.894485,member
19,39,2025-01-24 18:02:03.044885,member
20,100,2025-01-10 08:42:20.103153,member
47,65,2025-07-29 21:30:01.075353,member
99,55,2025-06-17 06:48:41.432519,host
23,3,2025-09-08 01:03:29.595528,host
47,93,2025-01-18 13:23:37.334231,host
6,21,2025-05-29 03:05:26.184027,member
22,25,2025-06-20 20:33:46.308670,member
99,5,2025-05-24 05:14:53.279914,host
51,86,2025-11-02 08:59:08.538383,host
73,19,2025-06-09 04:09:38.149290,member
33,67,2025-08-02 16:10:45.671740,host
21,83,2025-09-25 09:20:24.318651,host
6,58,2025-04-15 18:05:21.606692,member
31,62,2025-02-10 03:26:26.148532,host
19,80,2025-03-08 00:25:01.648422,host
94,51,2025-02-17 03:43:19.577251,member
65,23,2025-02-09 14:00:31.952807,member
62,2,2025-01-05 08:19:17.529856,host
45,40,2025-08-03 21:16:29.429962,host
32,99,2025-04-25 11:29:48.121742,member
56,13,2025-05-05 17:58:00.005654,member
53,1,2025-05-18 09:59:10.459897,member
86,69,2025-11-12 10:53:55.092229,member
15,23,2025-07-10 01:51:27.715739,host
49,50,2025-03-01 04:47:43.458941,member
32,11,2025-11-05 08:43:23.294998,member
21,71,2025-01-27 11:30:08.548985,member
29,62,2025-08-25 15:31:02.317754,member
91,78,2025-01-29 04:28:42.839313,member
30,99,2025-05-14 11:51:34.410155,member
77,53,2025-03-12 12:23:33.339958,host
37,64,2025-11-06 19:01:51.877423,member
89,6,2025-01-27 05:17:56.599358,member
40,82,2025-03-08 16:44:32.329798,member
89,1,2025-10-09 13:10:37.319301,member
87,7,2025-09-07 04:01:00.222337,host
46,59,2025-05-31 05:01:22.274659,member
59,43,2025-01-08 08:45:21.636869,member
33,83,2025-03-24 09:16:44.483993,host
63,3,2025-04-05 15:27:39.783440,host
64,71,2025-11-10 12:13:35.016978,member
